interview_id,role,model,num_samples,ca_score,ca_confidence,ca_std,exp_score,exp_confidence,exp_std,ps_score,ps_confidence,ps_std,rel_score,rel_confidence,rel_std,prof_score,prof_confidence,prof_std,comm_score,comm_confidence,comm_std,overall_weighted_score,avg_latency_ms,total_cost,avg_cost_per_sample
customer_service_representative_001,Customer Service Representative,gpt-4o,5,4.0,high,0.0,3.0,high,0.0,5.0,high,0.0,5.0,high,0.0,5.0,high,0.0,4.0,high,0.0,3.9,1136.8080139160156,0.020550000000000006,0.004110000000000001
customer_service_representative_002,Customer Service Representative,gpt-4o,5,3.0,high,0.0,2.0,high,0.0,3.0,high,0.0,4.0,high,0.0,4.0,high,0.0,4.0,high,0.39999999999999997,2.8,1167.3847198486328,0.0184125,0.0036824999999999996
customer_service_representative_003,Customer Service Representative,gpt-4o,5,4.0,high,0.0,3.0,high,0.0,4.0,high,0.0,5.0,high,0.0,5.0,high,0.0,4.0,high,0.0,3.75,1126.4947891235352,0.020125,0.004025
customer_service_representative_004,Customer Service Representative,gpt-4o,5,4.0,high,0.0,2.0,high,0.0,3.0,high,0.0,3.0,high,0.0,4.0,high,0.0,4.0,high,0.0,3.1,1044.2150115966797,0.0191125,0.0038225000000000004
customer_service_representative_005,Customer Service Representative,gpt-4o,5,3.0,high,0.0,2.0,high,0.0,3.0,high,0.0,3.0,high,0.0,4.0,high,0.4898979485566356,4.0,high,0.0,2.75,1097.1412658691406,0.017525000000000002,0.0035050000000000003
customer_service_representative_006,Customer Service Representative,gpt-4o,5,7.0,high,0.0,7.0,high,0.0,8.0,high,0.0,6.0,high,0.0,7.0,high,0.0,8.0,high,0.0,7.15,1217.0555114746094,0.0203625,0.0040725
customer_service_representative_007,Customer Service Representative,gpt-4o,5,3.0,high,0.0,2.0,high,0.0,3.0,high,0.0,4.0,high,0.0,4.0,high,0.0,4.0,high,0.0,2.8,1153.438377380371,0.0187375,0.0037475
customer_service_representative_008,Customer Service Representative,gpt-4o,5,8.0,high,0.0,9.0,high,0.0,8.0,high,0.0,9.0,high,0.0,9.0,high,0.0,9.0,high,0.0,8.5,1161.4792346954346,0.028737500000000006,0.005747500000000001
customer_service_representative_009,Customer Service Representative,gpt-4o,5,8.0,high,0.0,9.0,high,0.0,8.0,high,0.0,9.0,high,0.0,9.0,high,0.0,9.0,high,0.0,8.5,1592.8589820861816,0.0288,0.0057599999999999995
customer_service_representative_010,Customer Service Representative,gpt-4o,5,8.0,high,0.0,7.0,high,0.0,8.0,high,0.0,7.0,high,0.0,8.0,high,0.0,8.0,high,0.0,7.6,880.8788776397705,0.021187499999999998,0.0042375
customer_service_representative_011,Customer Service Representative,gpt-4o,5,8.0,high,0.0,7.0,high,0.0,8.0,high,0.0,7.0,high,0.0,8.0,high,0.0,9.0,high,0.0,7.65,1355.1738739013672,0.021912500000000005,0.004382500000000001
customer_service_representative_012,Customer Service Representative,gpt-4o,5,8.0,high,0.0,7.0,high,0.0,8.0,high,0.0,7.0,high,0.0,8.0,high,0.0,8.0,high,0.4898979485566356,7.6,902.7492046356201,0.019200000000000002,0.0038400000000000005
customer_service_representative_013,Customer Service Representative,gpt-4o,5,8.0,high,0.0,8.0,high,0.0,8.0,high,0.0,9.0,high,0.0,9.0,high,0.0,9.0,high,0.0,8.15,1288.810682296753,0.027450000000000002,0.00549
customer_service_representative_014,Customer Service Representative,gpt-4o,5,8.0,high,0.0,9.0,high,0.0,8.0,high,0.0,9.0,high,0.0,9.0,high,0.0,9.0,high,0.0,8.5,1249.324369430542,0.028525000000000002,0.005705
customer_service_representative_015,Customer Service Representative,gpt-4o,5,4.0,high,0.0,3.0,high,0.0,4.0,high,0.39999999999999997,5.0,high,0.0,5.0,high,0.0,4.0,high,0.0,3.75,1412.6575946807861,0.0177375,0.0035475
customer_service_representative_016,Customer Service Representative,gpt-4o,5,4.0,high,0.4898979485566356,2.0,high,0.0,3.0,high,0.0,4.0,high,0.0,4.0,high,0.0,5.0,high,0.0,3.2,1064.5935535430908,0.018287499999999998,0.0036574999999999997
customer_service_representative_017,Customer Service Representative,gpt-4o,5,4.0,high,0.48989794855663565,3.0,high,0.4898979485566356,4.0,high,0.48989794855663565,5.0,high,0.48989794855663565,5.0,high,0.48989794855663565,5.0,high,0.48989794855663565,3.8,1290.1947498321533,0.0193375,0.0038675000000000003
customer_service_representative_018,Customer Service Representative,gpt-4o,5,3.0,high,0.0,2.0,high,0.0,3.0,high,0.0,4.0,high,0.4898979485566356,4.0,high,0.0,4.0,high,0.0,2.8,1413.107442855835,0.0186875,0.0037375
customer_service_representative_019,Customer Service Representative,gpt-4o,5,3.0,high,0.0,2.0,high,0.0,3.0,high,0.0,2.0,high,0.0,3.0,high,0.0,3.0,high,0.0,2.6,1298.1539249420166,0.0193875,0.0038775
customer_service_representative_020,Customer Service Representative,gpt-4o,5,3.0,high,0.0,2.0,high,0.0,3.0,high,0.0,4.0,high,0.0,3.0,high,0.0,4.0,high,0.0,2.75,954.0104389190674,0.018162499999999998,0.0036324999999999994
customer_service_representative_021,Customer Service Representative,gpt-4o,5,8.0,high,0.0,7.0,high,0.0,8.0,high,0.0,8.0,high,0.48989794855663565,8.0,high,0.0,9.0,high,0.0,7.7,1167.8232669830322,0.022387500000000005,0.004477500000000001
customer_service_representative_022,Customer Service Representative,gpt-4o,5,8.0,high,0.0,7.0,high,0.0,8.0,high,0.0,8.0,high,0.7483314773547883,8.0,high,0.0,9.0,high,0.0,7.7,1290.0292873382568,0.021725,0.004345
customer_service_representative_023,Customer Service Representative,gpt-4o,5,3.0,high,0.4898979485566356,3.0,high,0.39999999999999997,4.0,high,0.39999999999999997,5.0,high,0.39999999999999997,5.0,high,0.4898979485566356,4.0,high,0.0,3.4,1160.66575050354,0.0189875,0.0037975
customer_service_representative_024,Customer Service Representative,gpt-4o,5,3.0,high,0.0,2.0,high,0.0,3.0,high,0.0,3.0,high,0.0,4.0,high,0.0,4.0,high,0.0,2.75,1181.9005489349365,0.0182625,0.0036525000000000004
customer_service_representative_025,Customer Service Representative,gpt-4o,5,8.0,high,0.0,6.0,high,0.0,7.0,high,0.0,7.0,high,0.0,8.0,high,0.0,8.0,high,0.0,7.1,1015.7626152038574,0.022024999999999996,0.004404999999999999
customer_service_representative_026,Customer Service Representative,gpt-4o,5,8.0,high,0.0,7.0,high,0.0,8.0,high,0.0,9.0,high,0.39999999999999997,8.0,high,0.0,9.0,high,0.0,7.75,1515.717887878418,0.021937500000000006,0.004387500000000001
customer_service_representative_027,Customer Service Representative,gpt-4o,5,8.0,high,0.0,9.0,high,0.0,8.0,high,0.0,9.0,high,0.0,9.0,high,0.0,9.0,high,0.0,8.5,1167.2394275665283,0.028325,0.005665
customer_service_representative_028,Customer Service Representative,gpt-4o,5,8.0,high,0.0,7.0,high,0.0,8.0,high,0.0,7.0,high,0.0,8.0,high,0.0,9.0,high,0.0,7.65,900.9283065795898,0.02095,0.00419
customer_service_representative_029,Customer Service Representative,gpt-4o,5,8.0,high,0.0,9.0,high,0.0,8.0,high,0.0,9.0,high,0.0,9.0,high,0.39999999999999997,9.0,high,0.0,8.5,1085.3493213653564,0.028312499999999997,0.005662499999999999
customer_service_representative_030,Customer Service Representative,gpt-4o,5,7.0,high,0.0,6.0,high,0.0,7.0,high,0.0,8.0,high,0.7999999999999999,8.0,high,0.39999999999999997,8.0,high,0.0,6.8,1372.015380859375,0.020062500000000004,0.0040125000000000004
customer_service_representative_031,Customer Service Representative,gpt-4o,5,8.0,high,0.0,8.0,high,0.0,8.0,high,0.0,9.0,high,0.0,9.0,high,0.0,9.0,high,0.0,8.15,1168.1348323822021,0.0292375,0.0058475
customer_service_representative_032,Customer Service Representative,gpt-4o,5,8.0,high,0.0,8.0,high,0.0,8.0,high,0.0,9.0,high,0.0,9.0,high,0.0,9.0,high,0.0,8.15,1371.2132453918457,0.030300000000000007,0.006060000000000001
customer_service_representative_033,Customer Service Representative,gpt-4o,5,8.0,high,0.0,9.0,high,0.0,8.0,high,0.0,9.0,high,0.0,9.0,high,0.0,9.0,high,0.0,8.5,1197.9901790618896,0.026475,0.005294999999999999
customer_service_representative_034,Customer Service Representative,gpt-4o,5,7.0,high,0.48989794855663565,7.0,high,0.48989794855663565,8.0,high,0.0,7.0,high,0.0,8.0,high,0.0,8.0,high,0.0,7.25,972.7487564086914,0.02075,0.00415
customer_service_representative_035,Customer Service Representative,gpt-4o,5,8.0,high,0.0,7.0,high,0.0,8.0,high,0.0,7.0,high,0.0,8.0,high,0.0,9.0,high,0.0,7.65,1004.1461944580078,0.023,0.0046
customer_service_representative_036,Customer Service Representative,gpt-4o,5,8.0,high,0.0,9.0,high,0.0,8.0,high,0.0,9.0,high,0.0,9.0,high,0.0,9.0,high,0.0,8.5,1050.8945941925049,0.027012499999999995,0.005402499999999999
customer_service_representative_037,Customer Service Representative,gpt-4o,5,3.0,high,0.0,2.0,high,0.0,3.0,high,0.0,5.0,high,0.0,4.0,high,0.0,4.0,high,0.0,2.85,1084.3186378479004,0.018162499999999998,0.0036324999999999994
customer_service_representative_038,Customer Service Representative,gpt-4o,5,8.0,high,0.0,8.0,high,0.0,8.0,high,0.0,9.0,high,0.0,9.0,high,0.0,9.0,high,0.0,8.15,1243.212366104126,0.020587499999999998,0.0041175
customer_service_representative_039,Customer Service Representative,gpt-4o,5,4.0,high,0.0,2.0,high,0.0,3.0,high,0.0,5.0,high,0.0,4.0,high,0.0,4.0,high,0.0,3.2,1331.0546875,0.0195125,0.0039024999999999997
customer_service_representative_040,Customer Service Representative,gpt-4o,5,3.0,high,0.4898979485566356,2.0,high,0.0,3.0,high,0.0,4.0,high,0.4898979485566356,4.0,high,0.0,4.0,high,0.0,2.8,1123.4673976898193,0.018675,0.003735
customer_service_representative_041,Customer Service Representative,gpt-4o,5,8.0,high,0.0,7.0,high,0.0,8.0,high,0.0,7.0,high,0.0,8.0,high,0.0,9.0,high,0.0,7.65,1151.8938541412354,0.021875000000000002,0.004375
customer_service_representative_042,Customer Service Representative,gpt-4o,5,8.0,high,0.0,7.0,high,0.0,8.0,high,0.0,7.0,high,0.0,8.0,high,0.0,9.0,high,0.48989794855663565,7.65,1164.8052215576172,0.0213625,0.0042725
customer_service_representative_043,Customer Service Representative,gpt-4o,5,8.0,high,0.0,8.0,high,0.0,8.0,high,0.0,7.0,high,0.0,8.0,high,0.0,9.0,high,0.0,8.0,1046.075963973999,0.030099999999999995,0.006019999999999999
customer_service_representative_044,Customer Service Representative,gpt-4o,5,8.0,high,0.0,7.0,high,0.0,8.0,high,0.0,7.0,high,0.0,8.0,high,0.0,9.0,high,0.0,7.65,1145.2001571655273,0.0211625,0.0042325
customer_service_representative_045,Customer Service Representative,gpt-4o,5,8.0,high,0.0,8.0,high,0.0,8.0,high,0.0,9.0,high,0.7999999999999999,9.0,high,0.4,9.0,high,0.0,8.15,1146.8503952026367,0.02355,0.004710000000000001
customer_service_representative_046,Customer Service Representative,gpt-4o,5,8.0,high,0.0,7.0,high,0.0,8.0,high,0.0,7.0,medium,0.9797958971132712,8.0,high,0.0,9.0,high,0.0,7.65,1679.1767597198486,0.023462500000000004,0.0046925000000000005
customer_service_representative_047,Customer Service Representative,gpt-4o,5,8.0,high,0.0,9.0,high,0.4898979485566356,8.0,high,0.0,9.0,high,0.0,9.0,high,0.0,9.0,high,0.0,8.5,1806.0912132263184,0.029325000000000004,0.005865
customer_service_representative_048,Customer Service Representative,gpt-4o,5,8.0,high,0.0,7.0,high,0.0,8.0,high,0.0,7.0,high,0.0,8.0,high,0.0,9.0,high,0.0,7.65,1204.5557022094727,0.020812499999999998,0.0041624999999999995
customer_service_representative_049,Customer Service Representative,gpt-4o,5,4.0,high,0.0,3.0,high,0.0,4.0,high,0.0,5.0,high,0.0,5.0,high,0.0,5.0,high,0.39999999999999997,3.8,1431.266736984253,0.017537499999999998,0.0035074999999999993
customer_service_representative_050,Customer Service Representative,gpt-4o,5,8.0,high,0.0,8.0,high,0.0,8.0,high,0.0,5.0,high,0.48989794855663565,8.0,high,0.39999999999999997,9.0,high,0.39999999999999997,7.9,1558.4187507629395,0.028287500000000007,0.005657500000000001
sales_representative_001,Sales Representative,gpt-4o,5,8.0,high,0.0,7.0,high,0.0,8.0,high,0.0,7.0,high,0.0,8.0,high,0.0,9.0,high,0.0,7.65,1413.21702003479,0.017075,0.003415
sales_representative_002,Sales Representative,gpt-4o,5,4.0,high,0.0,2.0,high,0.0,3.0,high,0.0,5.0,high,0.0,5.0,high,0.0,4.0,high,0.0,3.25,1048.7782955169678,0.01555,0.00311
sales_representative_003,Sales Representative,gpt-4o,5,5.0,high,0.0,4.0,high,0.0,5.0,high,0.0,6.0,high,0.0,6.0,high,0.0,5.0,high,0.0,4.75,1142.2970294952393,0.015449999999999998,0.00309
sales_representative_004,Sales Representative,gpt-4o,5,8.0,high,0.0,7.0,high,0.0,8.0,high,0.0,7.0,high,0.0,8.0,high,0.0,9.0,high,0.0,7.65,943.3722019195557,0.0165125,0.0033025
sales_representative_005,Sales Representative,gpt-4o,5,3.0,high,0.0,2.0,high,0.0,3.0,high,0.0,5.0,high,0.0,4.0,high,0.0,4.0,high,0.0,2.85,1126.5663623809814,0.015175,0.003035
sales_representative_006,Sales Representative,gpt-4o,5,4.0,high,0.0,3.0,high,0.0,4.0,high,0.0,5.0,high,0.0,5.0,high,0.0,5.0,high,0.0,3.8,1329.2638778686523,0.0158625,0.0031725000000000004
sales_representative_007,Sales Representative,gpt-4o,5,8.0,high,0.0,7.0,high,0.0,8.0,high,0.0,7.0,high,0.0,8.0,high,0.0,9.0,high,0.0,7.65,1720.8476066589355,0.016475,0.003295
sales_representative_008,Sales Representative,gpt-4o,5,8.0,high,0.0,9.0,high,0.0,8.0,high,0.0,7.0,high,0.0,8.0,high,0.0,9.0,high,0.0,8.35,900.4444122314453,0.02325,0.00465
sales_representative_009,Sales Representative,gpt-4o,5,4.0,high,0.0,3.0,high,0.0,5.0,high,0.0,5.0,high,0.0,5.0,high,0.0,4.0,high,0.0,3.9,1474.5051860809326,0.0152125,0.0030425
sales_representative_010,Sales Representative,gpt-4o,5,4.0,high,0.4898979485566356,3.0,high,0.4898979485566356,4.0,high,0.4898979485566356,3.0,high,0.4898979485566356,4.0,high,0.4898979485566356,4.0,high,0.39999999999999997,3.6,1310.8716011047363,0.0162375,0.0032474999999999995
sales_representative_011,Sales Representative,gpt-4o,5,4.0,high,0.0,3.0,high,0.0,4.0,high,0.0,5.0,high,0.0,5.0,high,0.0,5.0,high,0.0,3.8,1064.1449451446533,0.016325,0.0032649999999999997
sales_representative_012,Sales Representative,gpt-4o,5,8.0,high,0.0,8.0,high,0.0,7.0,high,0.0,7.0,high,0.0,8.0,high,0.0,9.0,high,0.0,7.85,1128.0150413513184,0.0167375,0.0033474999999999998
sales_representative_013,Sales Representative,gpt-4o,5,4.0,high,0.0,3.0,high,0.0,4.0,high,0.0,5.0,high,0.0,5.0,high,0.0,4.0,high,0.0,3.75,1085.023021697998,0.0171,0.0034200000000000003
sales_representative_014,Sales Representative,gpt-4o,5,8.0,high,0.0,8.0,high,0.0,8.0,high,0.0,7.0,high,0.0,8.0,high,0.0,9.0,high,0.0,8.0,1023.3036041259766,0.022625,0.0045249999999999995
sales_representative_015,Sales Representative,gpt-4o,5,8.0,high,0.0,7.0,high,0.0,8.0,high,0.48989794855663565,7.0,high,0.48989794855663565,8.0,high,0.0,9.0,high,0.48989794855663565,7.65,788.117790222168,0.017175,0.0034349999999999997
sales_representative_016,Sales Representative,gpt-4o,5,4.0,high,0.0,3.0,high,0.0,4.0,high,0.0,5.0,high,0.0,5.0,high,0.0,4.0,high,0.39999999999999997,3.75,972.5234508514404,0.01595,0.0031899999999999997
sales_representative_017,Sales Representative,gpt-4o,5,3.0,high,0.0,2.0,high,0.0,3.0,high,0.0,5.0,high,0.0,4.0,high,0.0,4.0,high,0.0,2.85,962.6766204833984,0.0167625,0.0033525
sales_representative_018,Sales Representative,gpt-4o,5,8.0,high,0.0,9.0,high,0.0,8.0,high,0.0,7.0,high,0.0,8.0,high,0.0,9.0,high,0.0,8.35,860.1240634918213,0.0254,0.0050799999999999994
sales_representative_019,Sales Representative,gpt-4o,5,3.0,high,0.0,2.0,high,0.0,3.0,high,0.0,5.0,high,0.0,4.0,high,0.0,4.0,high,0.0,2.85,1556.5194129943848,0.0158,0.0031600000000000005
sales_representative_020,Sales Representative,gpt-4o,5,8.0,high,0.0,7.0,high,0.0,8.0,high,0.0,7.0,high,0.0,8.0,high,0.0,9.0,high,0.0,7.65,1003.3828735351562,0.0178875,0.0035775
sales_representative_021,Sales Representative,gpt-4o,5,8.0,high,0.0,8.0,high,0.0,7.0,high,0.0,7.0,high,0.0,8.0,high,0.0,9.0,high,0.0,7.85,1269.6208000183105,0.0171875,0.0034375000000000005
sales_representative_022,Sales Representative,gpt-4o,5,3.0,high,0.0,2.0,high,0.0,3.0,high,0.0,5.0,high,0.48989794855663565,4.0,high,0.0,4.0,high,0.39999999999999997,2.85,1003.4499645233154,0.015512499999999999,0.0031025
sales_representative_023,Sales Representative,gpt-4o,5,8.0,high,0.0,7.0,high,0.0,7.0,high,0.0,8.0,high,0.0,8.0,high,0.0,9.0,high,0.4,7.55,1208.3643913269043,0.018075,0.003615
sales_representative_024,Sales Representative,gpt-4o,5,8.0,high,0.0,7.0,high,0.0,8.0,high,0.0,7.0,high,0.0,8.0,high,0.0,9.0,high,0.39999999999999997,7.65,1194.3274021148682,0.0166125,0.0033225
sales_representative_025,Sales Representative,gpt-4o,5,3.0,high,0.0,2.0,high,0.0,3.0,high,0.0,5.0,high,0.0,4.0,high,0.0,4.0,high,0.0,2.85,1181.0044288635254,0.015087499999999998,0.0030174999999999998
sales_representative_026,Sales Representative,gpt-4o,5,3.0,high,0.0,2.0,high,0.0,3.0,high,0.0,5.0,high,0.0,4.0,high,0.0,4.0,high,0.39999999999999997,2.85,1025.385570526123,0.01495,0.00299
sales_representative_027,Sales Representative,gpt-4o,5,8.0,high,0.0,8.0,high,0.0,7.0,high,0.0,7.0,high,0.0,8.0,high,0.0,9.0,high,0.0,7.85,1112.758731842041,0.0183375,0.0036674999999999998
sales_representative_028,Sales Representative,gpt-4o,5,8.0,high,0.0,8.0,high,0.0,7.0,high,0.39999999999999997,7.0,high,0.0,8.0,high,0.0,8.0,high,0.39999999999999997,7.8,1102.6093006134033,0.01685,0.00337
sales_representative_029,Sales Representative,gpt-4o,5,4.0,high,0.0,3.0,high,0.0,5.0,high,0.4898979485566356,5.0,high,0.0,5.0,high,0.0,4.0,high,0.0,3.9,2517.7125930786133,0.016062499999999997,0.003212499999999999
sales_representative_030,Sales Representative,gpt-4o,5,4.0,high,0.0,3.0,high,0.4898979485566356,4.0,high,0.4898979485566356,5.0,high,0.0,5.0,high,0.0,4.0,high,0.0,3.75,968.5203075408936,0.015512499999999999,0.0031025
sales_representative_031,Sales Representative,gpt-4o,5,7.0,high,0.0,5.0,high,0.0,6.0,high,0.0,7.0,high,0.0,8.0,high,0.0,7.0,high,0.0,6.2,1050.8573532104492,0.016725,0.003345
sales_representative_032,Sales Representative,gpt-4o,5,8.0,high,0.0,9.0,high,0.0,8.0,high,0.0,7.0,high,0.48989794855663565,8.0,high,0.48989794855663565,9.0,high,0.0,8.35,859.1717720031738,0.0252375,0.0050475
sales_representative_033,Sales Representative,gpt-4o,5,4.0,high,0.0,3.0,high,0.0,4.0,high,0.0,5.0,high,0.0,5.0,high,0.0,4.0,high,0.0,3.75,1153.5346984863281,0.015887500000000002,0.0031775000000000006
sales_representative_034,Sales Representative,gpt-4o,5,8.0,high,0.0,9.0,high,0.0,8.0,high,0.0,9.0,high,0.7999999999999999,9.0,high,0.39999999999999997,9.0,high,0.0,8.5,986.0764026641846,0.0234875,0.0046975
sales_representative_035,Sales Representative,gpt-4o,5,3.0,high,0.0,2.0,high,0.0,3.0,high,0.0,5.0,high,0.0,4.0,high,0.0,4.0,high,0.0,2.85,1203.3917427062988,0.0153125,0.0030625
sales_representative_036,Sales Representative,gpt-4o,5,4.0,high,0.0,2.0,high,0.0,3.0,high,0.0,5.0,high,0.0,4.0,high,0.0,4.0,high,0.0,3.2,1290.3021812438965,0.015137500000000002,0.0030275000000000002
sales_representative_037,Sales Representative,gpt-4o,5,4.0,high,0.0,3.0,high,0.0,4.0,high,0.0,5.0,high,0.0,5.0,high,0.0,4.0,high,0.0,3.75,1392.4914836883545,0.015475000000000001,0.003095
sales_representative_038,Sales Representative,gpt-4o,5,8.0,high,0.0,7.0,high,0.0,8.0,high,0.0,7.0,high,0.0,8.0,high,0.0,8.0,high,0.0,7.6,942.1092987060547,0.017275000000000002,0.0034550000000000006
sales_representative_039,Sales Representative,gpt-4o,5,7.0,high,0.0,6.0,high,0.48989794855663565,7.0,high,0.48989794855663565,6.0,high,0.48989794855663565,7.0,high,0.39999999999999997,8.0,high,0.39999999999999997,6.65,1066.0321712493896,0.017425000000000003,0.0034850000000000007
sales_representative_040,Sales Representative,gpt-4o,5,8.0,high,0.0,9.0,high,0.0,8.0,high,0.0,8.0,high,0.48989794855663565,9.0,high,0.0,9.0,high,0.0,8.45,1067.392349243164,0.023600000000000003,0.00472
sales_representative_041,Sales Representative,gpt-4o,5,8.0,high,0.0,9.0,high,0.0,8.0,high,0.0,7.0,high,0.39999999999999997,8.0,high,0.39999999999999997,9.0,high,0.0,8.35,992.8930282592773,0.022050000000000004,0.004410000000000001
sales_representative_042,Sales Representative,gpt-4o,5,4.0,high,0.0,3.0,high,0.0,4.0,high,0.0,5.0,high,0.0,5.0,high,0.0,4.0,high,0.0,3.75,1112.4574184417725,0.0161,0.0032199999999999998
sales_representative_043,Sales Representative,gpt-4o,5,7.0,high,0.0,6.0,high,0.0,7.0,high,0.0,6.0,high,0.0,7.0,high,0.0,8.0,high,0.0,6.65,1074.7140407562256,0.016774999999999998,0.0033549999999999995
sales_representative_044,Sales Representative,gpt-4o,5,4.0,high,0.0,3.0,high,0.0,4.0,high,0.0,5.0,high,0.0,5.0,high,0.0,4.0,high,0.0,3.75,1157.7361106872559,0.01445,0.0028899999999999998
sales_representative_045,Sales Representative,gpt-4o,5,3.0,high,0.0,2.0,high,0.0,3.0,high,0.0,5.0,high,0.0,4.0,high,0.0,4.0,high,0.0,2.85,1146.8035697937012,0.015750000000000004,0.003150000000000001
sales_representative_046,Sales Representative,gpt-4o,5,8.0,high,0.0,8.0,high,0.0,8.0,high,0.0,7.0,high,0.0,8.0,high,0.0,9.0,high,0.0,8.0,1003.3517837524414,0.023362499999999998,0.0046725
sales_representative_047,Sales Representative,gpt-4o,5,8.0,high,0.48989794855663565,7.0,high,0.0,8.0,high,0.0,7.0,high,0.0,8.0,high,0.0,9.0,high,0.48989794855663565,7.65,942.1437740325928,0.0174125,0.0034825000000000004
sales_representative_048,Sales Representative,gpt-4o,5,4.0,high,0.0,3.0,high,0.0,4.0,high,0.0,5.0,high,0.0,5.0,high,0.0,4.0,high,0.0,3.75,1107.0143699645996,0.015649999999999997,0.0031299999999999995
sales_representative_049,Sales Representative,gpt-4o,5,3.0,high,0.0,2.0,high,0.0,3.0,high,0.0,5.0,high,0.0,4.0,high,0.0,4.0,high,0.0,2.85,1125.3129482269287,0.015412499999999999,0.0030824999999999997
sales_representative_050,Sales Representative,gpt-4o,5,4.0,high,0.0,3.0,high,0.0,4.0,high,0.0,5.0,high,0.0,5.0,high,0.0,5.0,high,0.0,3.8,1043.9679622650146,0.015562500000000002,0.0031125000000000002
field_technician_001,Field Technician,gpt-4o,5,8.0,high,0.0,7.0,high,0.0,8.0,high,0.0,7.0,high,0.0,8.0,high,0.0,8.0,high,0.39999999999999997,7.6,922.3866939544678,0.025000000000000005,0.005000000000000001
field_technician_002,Field Technician,gpt-4o,5,3.0,high,0.0,3.0,high,0.0,4.0,high,0.4898979485566356,4.0,high,0.0,4.0,high,0.0,3.0,high,0.4898979485566356,3.25,961.9438171386719,0.021825000000000004,0.004365000000000001
field_technician_003,Field Technician,gpt-4o,5,3.0,high,0.0,3.0,high,0.0,3.0,high,0.0,5.0,high,0.0,4.0,high,0.0,4.0,high,0.0,3.2,736.8832588195801,0.021762500000000004,0.0043525000000000005
field_technician_004,Field Technician,gpt-4o,5,3.0,high,0.0,3.0,high,0.0,2.0,high,0.39999999999999997,4.0,high,0.0,4.0,high,0.0,3.0,high,0.39999999999999997,2.95,844.514799118042,0.02015,0.004030000000000001
field_technician_005,Field Technician,gpt-4o,5,3.0,high,0.0,3.0,high,0.0,4.0,high,0.4898979485566356,2.0,high,0.0,3.0,high,0.0,4.0,high,0.0,3.15,1305.9458255767822,0.0206,0.00412
field_technician_006,Field Technician,gpt-4o,5,3.0,high,0.0,2.0,high,0.0,3.0,high,0.0,4.0,high,0.0,4.0,high,0.0,3.0,high,0.0,2.75,757.3995590209961,0.020575,0.004115
field_technician_007,Field Technician,gpt-4o,5,8.0,high,0.0,7.0,high,0.0,8.0,high,0.0,7.0,high,0.0,8.0,high,0.0,8.0,high,0.0,7.6,1515.639352798462,0.022500000000000003,0.0045000000000000005
field_technician_008,Field Technician,gpt-4o,5,3.0,high,0.0,2.0,high,0.0,3.0,high,0.0,2.0,high,0.0,3.0,high,0.0,3.0,high,0.0,2.6,1044.221544265747,0.018699999999999998,0.0037399999999999994
field_technician_009,Field Technician,gpt-4o,5,8.0,high,0.0,8.0,high,0.0,8.0,high,0.0,9.0,high,0.0,9.0,high,0.48989794855663565,9.0,high,0.0,8.15,1064.845848083496,0.026225,0.005245
field_technician_010,Field Technician,gpt-4o,5,8.0,high,0.0,7.0,high,0.0,8.0,high,0.0,7.0,high,0.0,8.0,high,0.0,8.0,high,0.0,7.6,716.2025928497314,0.024574999999999996,0.004914999999999999
field_technician_011,Field Technician,gpt-4o,5,8.0,high,0.0,8.0,high,0.48989794855663565,8.0,high,0.0,9.0,high,0.0,9.0,high,0.0,9.0,high,0.0,8.15,1535.881519317627,0.031225000000000003,0.0062450000000000006
field_technician_012,Field Technician,gpt-4o,5,8.0,high,0.0,8.0,high,0.0,8.0,high,0.0,7.0,high,0.0,8.0,high,0.0,8.0,high,0.0,7.95,911.2165451049805,0.024737500000000003,0.0049475000000000005
field_technician_013,Field Technician,gpt-4o,5,3.0,high,0.0,2.0,high,0.39999999999999997,3.0,high,0.0,2.0,high,0.0,3.0,high,0.0,3.0,high,0.0,2.6,952.2093772888184,0.020525,0.004105
field_technician_014,Field Technician,gpt-4o,5,8.0,high,0.0,9.0,high,0.0,8.0,high,0.0,9.0,high,0.39999999999999997,8.0,high,0.0,9.0,high,0.0,8.45,1477.1406650543213,0.0330625,0.0066125
field_technician_015,Field Technician,gpt-4o,5,3.0,high,0.0,2.0,high,0.0,3.0,high,0.0,2.0,high,0.0,3.0,high,0.0,2.0,high,0.4898979485566356,2.55,980.9267044067383,0.021512499999999997,0.004302499999999999
field_technician_016,Field Technician,gpt-4o,5,3.0,high,0.0,2.0,high,0.0,3.0,high,0.0,4.0,high,0.0,4.0,high,0.0,3.0,high,0.0,2.75,900.0586986541748,0.0193375,0.0038675000000000003
field_technician_017,Field Technician,gpt-4o,5,3.0,high,0.0,2.0,high,0.0,3.0,high,0.0,4.0,high,0.0,4.0,high,0.0,3.0,high,0.0,2.75,880.8168888092041,0.0206125,0.004122499999999999
field_technician_018,Field Technician,gpt-4o,5,8.0,high,0.0,8.0,high,0.48989794855663565,8.0,high,0.0,7.0,high,0.0,8.0,high,0.0,8.0,high,0.4898979485566356,7.95,860.0945949554443,0.023962499999999998,0.0047925
field_technician_019,Field Technician,gpt-4o,5,3.0,high,0.0,2.0,high,0.0,3.0,high,0.0,4.0,high,0.0,4.0,high,0.0,3.0,high,0.0,2.75,901.3954162597656,0.019975,0.003995
field_technician_020,Field Technician,gpt-4o,5,8.0,high,0.0,9.0,high,0.0,8.0,high,0.0,9.0,high,0.0,8.0,high,0.0,9.0,high,0.0,8.45,1403.7668228149414,0.030012500000000004,0.006002500000000001
field_technician_021,Field Technician,gpt-4o,5,8.0,high,0.0,9.0,high,0.0,8.0,high,0.0,9.0,high,0.0,8.0,high,0.48989794855663565,9.0,high,0.0,8.45,1542.1043872833252,0.031337500000000004,0.0062675000000000005
field_technician_022,Field Technician,gpt-4o,5,3.0,high,0.0,3.0,high,0.0,3.0,high,0.0,4.0,high,0.0,4.0,high,0.0,3.0,high,0.0,3.1,821.7952728271484,0.0197125,0.0039425
field_technician_023,Field Technician,gpt-4o,5,8.0,high,0.0,9.0,high,0.0,8.0,high,0.0,9.0,high,0.0,8.0,high,0.48989794855663565,9.0,high,0.39999999999999997,8.45,1165.8807754516602,0.0317875,0.0063575
field_technician_024,Field Technician,gpt-4o,5,8.0,high,0.0,9.0,high,0.0,8.0,high,0.0,9.0,high,0.0,8.0,high,0.39999999999999997,9.0,high,0.0,8.45,1209.6136569976807,0.032112499999999995,0.006422499999999999
field_technician_025,Field Technician,gpt-4o,5,4.0,high,0.0,3.0,high,0.0,4.0,high,0.0,5.0,high,0.0,5.0,high,0.0,4.0,high,0.0,3.75,962.4799728393555,0.020837499999999995,0.004167499999999999
field_technician_026,Field Technician,gpt-4o,5,3.0,high,0.0,3.0,high,0.0,3.0,high,0.0,4.0,high,0.0,4.0,high,0.0,4.0,high,0.39999999999999997,3.15,798.8912582397461,0.0206125,0.004122499999999999
field_technician_027,Field Technician,gpt-4o,5,8.0,high,0.0,8.0,high,0.39999999999999997,8.0,high,0.0,9.0,high,0.0,9.0,high,0.0,9.0,high,0.0,8.15,1310.3203296661377,0.0338875,0.0067775000000000005
field_technician_028,Field Technician,gpt-4o,5,8.0,high,0.0,8.0,high,0.0,8.0,high,0.0,9.0,high,0.7999999999999999,9.0,high,0.39999999999999997,9.0,high,0.0,8.15,921.5912818908691,0.02515,0.00503
field_technician_029,Field Technician,gpt-4o,5,3.0,high,0.0,3.0,high,0.0,4.0,high,0.0,4.0,high,0.0,4.0,high,0.0,4.0,high,0.39999999999999997,3.3,1142.3932552337646,0.0210375,0.0042075
field_technician_030,Field Technician,gpt-4o,5,7.0,high,0.0,8.0,high,0.0,7.0,high,0.0,7.0,high,0.0,8.0,high,0.0,8.0,high,0.0,7.45,812.307071685791,0.024625,0.0049250000000000006
field_technician_031,Field Technician,gpt-4o,5,8.0,high,0.0,9.0,high,0.39999999999999997,8.0,high,0.0,9.0,high,0.0,8.0,high,0.48989794855663565,9.0,high,0.0,8.45,994.1159248352051,0.03365,0.00673
field_technician_032,Field Technician,gpt-4o,5,8.0,high,0.0,9.0,high,0.39999999999999997,8.0,high,0.0,9.0,high,0.0,9.0,high,0.39999999999999997,9.0,high,0.0,8.5,1474.8531818389893,0.032825,0.006565
field_technician_033,Field Technician,gpt-4o,5,3.0,high,0.0,3.0,high,0.0,4.0,high,0.0,2.0,high,0.0,3.0,high,0.0,3.0,high,0.4898979485566356,3.1,859.2919826507568,0.0200125,0.0040025
field_technician_034,Field Technician,gpt-4o,5,8.0,high,0.0,8.0,high,0.4898979485566356,8.0,high,0.0,7.0,high,0.0,8.0,high,0.0,8.0,high,0.0,7.95,696.6821193695068,0.0247625,0.0049525
field_technician_035,Field Technician,gpt-4o,5,8.0,high,0.0,7.0,high,0.0,8.0,high,0.0,7.0,high,0.0,8.0,high,0.0,8.0,high,0.0,7.6,819.0964221954346,0.025300000000000003,0.00506
field_technician_036,Field Technician,gpt-4o,5,8.0,high,0.0,8.0,high,0.0,8.0,high,0.0,7.0,high,0.0,8.0,high,0.0,9.0,high,0.0,8.0,1105.6335926055908,0.02495,0.00499
field_technician_037,Field Technician,gpt-4o,5,4.0,high,0.39999999999999997,3.0,high,0.0,4.0,high,0.39999999999999997,3.0,high,0.39999999999999997,4.0,high,0.0,4.0,high,0.0,3.6,981.1917304992676,0.0195625,0.0039125
field_technician_038,Field Technician,gpt-4o,5,3.0,high,0.0,3.0,high,0.0,4.0,high,0.0,4.0,high,0.0,4.0,high,0.0,3.0,high,0.0,3.25,971.1944580078125,0.020637499999999996,0.004127499999999999
field_technician_039,Field Technician,gpt-4o,5,3.0,high,0.0,3.0,high,0.0,3.0,high,0.39999999999999997,4.0,high,0.0,4.0,high,0.0,3.0,high,0.0,3.1,791.7776584625244,0.0211,0.00422
field_technician_040,Field Technician,gpt-4o,5,4.0,high,0.0,3.0,high,0.0,4.0,high,0.0,5.0,high,0.0,5.0,high,0.0,4.0,high,0.0,3.75,1065.119981765747,0.021825000000000004,0.004365000000000001
field_technician_041,Field Technician,gpt-4o,5,3.0,high,0.0,3.0,high,0.39999999999999997,4.0,high,0.39999999999999997,4.0,high,0.0,4.0,high,0.0,4.0,high,0.39999999999999997,3.3,921.204662322998,0.020525,0.004105
field_technician_042,Field Technician,gpt-4o,5,4.0,high,0.0,3.0,high,0.0,4.0,high,0.0,5.0,high,0.0,5.0,high,0.0,4.0,high,0.0,3.75,962.1745586395264,0.020724999999999997,0.004144999999999999
field_technician_043,Field Technician,gpt-4o,5,8.0,high,0.0,8.0,high,0.39999999999999997,8.0,high,0.0,9.0,high,0.7999999999999999,8.0,high,0.0,9.0,high,0.0,8.1,1368.170976638794,0.024549999999999995,0.0049099999999999994
field_technician_044,Field Technician,gpt-4o,5,3.0,high,0.0,3.0,high,0.0,2.0,high,0.0,4.0,high,0.0,4.0,high,0.0,3.0,high,0.0,2.95,1049.3623733520508,0.019225,0.003845
field_technician_045,Field Technician,gpt-4o,5,3.0,high,0.0,3.0,high,0.4898979485566356,3.0,high,0.0,4.0,high,0.0,4.0,high,0.0,4.0,high,0.0,3.15,1083.8529586791992,0.021825000000000004,0.004365000000000001
field_technician_046,Field Technician,gpt-4o,5,8.0,high,0.0,8.0,high,0.0,8.0,high,0.0,9.0,high,0.0,9.0,high,0.0,9.0,high,0.0,8.15,1249.9111652374268,0.0327125,0.0065425
field_technician_047,Field Technician,gpt-4o,5,8.0,high,0.0,7.0,high,0.0,8.0,high,0.0,7.0,high,0.0,8.0,high,0.0,8.0,high,0.0,7.6,819.282341003418,0.024425000000000002,0.0048850000000000005
field_technician_048,Field Technician,gpt-4o,5,8.0,high,0.0,8.0,high,0.39999999999999997,8.0,high,0.0,7.0,high,0.0,8.0,high,0.0,9.0,high,0.0,8.0,798.8718032836914,0.024175000000000002,0.004835000000000001
field_technician_049,Field Technician,gpt-4o,5,3.0,high,0.0,3.0,high,0.0,3.0,high,0.0,4.0,high,0.0,4.0,high,0.0,3.0,high,0.0,3.1,2180.0055980682373,0.020587499999999998,0.0041175
field_technician_050,Field Technician,gpt-4o,5,4.0,high,0.0,3.0,high,0.4898979485566356,4.0,high,0.6324555320336759,5.0,high,0.0,4.0,high,0.4898979485566356,3.0,high,0.4898979485566356,3.65,1096.387004852295,0.0194375,0.0038875
home_service_technician_001,Home Service Technician,gpt-4o,5,8.0,high,0.0,9.0,high,0.0,8.0,high,0.39999999999999997,9.0,high,0.0,9.0,high,0.0,9.0,high,0.0,8.5,1187.9381656646729,0.0317625,0.0063525
home_service_technician_002,Home Service Technician,gpt-4o,5,8.0,high,0.0,8.0,high,0.0,8.0,high,0.0,7.0,high,0.0,8.0,high,0.0,8.0,high,0.48989794855663565,7.95,942.8906917572021,0.024412499999999997,0.0048825
home_service_technician_003,Home Service Technician,gpt-4o,5,8.0,high,0.0,9.0,high,0.0,8.0,high,0.0,7.0,high,0.0,8.0,high,0.0,9.0,high,0.0,8.35,941.7669296264648,0.032825,0.006565
home_service_technician_004,Home Service Technician,gpt-4o,5,8.0,high,0.0,8.0,high,0.0,8.0,high,0.0,7.0,high,0.0,8.0,high,0.0,8.0,high,0.0,7.95,1186.8135452270508,0.023499999999999997,0.004699999999999999
home_service_technician_005,Home Service Technician,gpt-4o,5,8.0,high,0.0,8.0,high,0.0,8.0,high,0.0,9.0,high,0.7999999999999999,9.0,high,0.39999999999999997,9.0,high,0.0,8.15,982.963228225708,0.024625,0.0049250000000000006
home_service_technician_006,Home Service Technician,gpt-4o,5,3.0,high,0.0,2.0,high,0.0,3.0,high,0.0,4.0,high,0.0,4.0,high,0.0,3.0,high,0.0,2.75,1197.691249847412,0.018375,0.003675
home_service_technician_007,Home Service Technician,gpt-4o,5,8.0,high,0.0,9.0,high,0.0,8.0,high,0.0,9.0,high,0.0,9.0,high,0.0,9.0,high,0.4898979485566356,8.5,1137.157678604126,0.031925,0.006385
home_service_technician_008,Home Service Technician,gpt-4o,5,3.0,high,0.0,2.0,high,0.0,3.0,high,0.0,4.0,high,0.0,4.0,high,0.0,3.0,high,0.0,2.75,937.2294902801514,0.0204375,0.0040875
home_service_technician_009,Home Service Technician,gpt-4o,5,3.0,high,0.0,2.0,high,0.0,2.0,high,0.0,3.0,high,0.0,3.0,high,0.0,3.0,high,0.0,2.5,1028.3198356628418,0.0210375,0.0042075
home_service_technician_010,Home Service Technician,gpt-4o,5,8.0,high,0.0,6.0,high,0.0,8.0,high,0.39999999999999997,7.0,high,0.0,8.0,high,0.0,8.0,high,0.0,7.25,1024.0806579589844,0.024974999999999997,0.0049949999999999994
home_service_technician_011,Home Service Technician,gpt-4o,5,8.0,high,0.0,9.0,high,0.0,8.0,high,0.0,9.0,high,0.0,9.0,high,0.0,9.0,high,0.0,8.5,941.90354347229,0.030500000000000006,0.006100000000000001
home_service_technician_012,Home Service Technician,gpt-4o,5,8.0,high,0.0,7.0,high,0.0,8.0,high,0.0,7.0,high,0.0,8.0,high,0.0,9.0,high,0.0,7.65,880.6023597717285,0.025287499999999997,0.0050574999999999995
home_service_technician_013,Home Service Technician,gpt-4o,5,3.0,high,0.0,2.0,high,0.0,3.0,high,0.39999999999999997,5.0,high,0.0,4.0,high,0.0,4.0,high,0.39999999999999997,2.85,1024.2146968841553,0.018500000000000003,0.0037000000000000006
home_service_technician_014,Home Service Technician,gpt-4o,5,3.0,high,0.0,2.0,high,0.0,3.0,high,0.0,5.0,high,0.48989794855663565,4.0,high,0.0,4.0,high,0.0,2.85,967.6149845123291,0.021400000000000002,0.004280000000000001
home_service_technician_015,Home Service Technician,gpt-4o,5,8.0,high,0.0,9.0,high,0.0,8.0,high,0.0,9.0,high,0.0,9.0,high,0.0,9.0,high,0.0,8.5,1325.6747722625732,0.0333875,0.0066775
home_service_technician_016,Home Service Technician,gpt-4o,5,8.0,high,0.0,8.0,high,0.0,8.0,high,0.0,9.0,medium,0.9797958971132712,9.0,high,0.4898979485566356,9.0,high,0.0,8.15,1454.8946857452393,0.022387500000000005,0.004477500000000001
home_service_technician_017,Home Service Technician,gpt-4o,5,4.0,high,0.0,3.0,high,0.0,4.0,high,0.0,5.0,high,0.0,5.0,high,0.0,4.0,high,0.0,3.75,1555.6488513946533,0.019425,0.0038850000000000004
home_service_technician_018,Home Service Technician,gpt-4o,5,4.0,high,0.0,3.0,high,0.0,4.0,high,0.0,3.0,high,0.0,4.0,high,0.0,4.0,high,0.0,3.6,974.2321491241455,0.020074999999999996,0.0040149999999999995
home_service_technician_019,Home Service Technician,gpt-4o,5,8.0,high,0.0,9.0,high,0.0,8.0,high,0.0,9.0,high,0.39999999999999997,9.0,high,0.0,9.0,high,0.0,8.5,1155.4569244384766,0.0303125,0.0060625
home_service_technician_020,Home Service Technician,gpt-4o,5,3.0,high,0.0,2.0,high,0.0,3.0,high,0.0,4.0,high,0.0,4.0,high,0.0,4.0,high,0.39999999999999997,2.8,1126.2296199798584,0.020274999999999998,0.004055
home_service_technician_021,Home Service Technician,gpt-4o,5,8.0,high,0.0,7.0,high,0.0,8.0,high,0.0,6.0,high,0.0,8.0,high,0.4898979485566356,8.0,high,0.0,7.55,825.2131938934326,0.025137500000000004,0.005027500000000001
home_service_technician_022,Home Service Technician,gpt-4o,5,8.0,high,0.0,7.0,high,0.0,8.0,high,0.0,6.0,high,0.48989794855663565,8.0,high,0.0,9.0,high,0.39999999999999997,7.6,956.7898750305176,0.0250125,0.0050025
home_service_technician_023,Home Service Technician,gpt-4o,5,8.0,high,0.0,9.0,high,0.0,8.0,high,0.0,9.0,high,0.0,9.0,high,0.0,9.0,high,0.0,8.5,1146.4431285858154,0.033,0.0066
home_service_technician_024,Home Service Technician,gpt-4o,5,8.0,high,0.0,9.0,high,0.0,8.0,high,0.0,9.0,high,0.0,9.0,high,0.0,9.0,high,0.0,8.5,1248.8798141479492,0.0324625,0.0064925
home_service_technician_025,Home Service Technician,gpt-4o,5,8.0,high,0.0,9.0,high,0.0,8.0,high,0.0,9.0,high,0.0,9.0,high,0.0,9.0,high,0.0,8.5,1363.2611751556396,0.030375000000000003,0.0060750000000000005
home_service_technician_026,Home Service Technician,gpt-4o,5,8.0,high,0.0,8.0,high,0.0,8.0,high,0.0,9.0,medium,0.9797958971132713,9.0,high,0.48989794855663565,8.0,high,0.0,8.1,1177.2422313690186,0.022224999999999995,0.004444999999999999
home_service_technician_027,Home Service Technician,gpt-4o,5,3.0,high,0.0,2.0,high,0.0,3.0,high,0.0,4.0,high,0.4898979485566356,4.0,high,0.39999999999999997,4.0,high,0.0,2.8,1576.292610168457,0.020475,0.004095
home_service_technician_028,Home Service Technician,gpt-4o,5,8.0,high,0.0,8.0,high,0.0,8.0,high,0.0,9.0,medium,0.9797958971132712,9.0,high,0.4898979485566356,9.0,high,0.0,8.15,1023.5786437988281,0.024025,0.004805
home_service_technician_029,Home Service Technician,gpt-4o,5,3.0,high,0.0,2.0,high,0.0,3.0,high,0.0,4.0,high,0.0,4.0,high,0.0,4.0,high,0.39999999999999997,2.8,1495.1325416564941,0.0197875,0.0039575
home_service_technician_030,Home Service Technician,gpt-4o,5,8.0,high,0.0,9.0,high,0.0,8.0,high,0.0,9.0,high,0.0,9.0,high,0.0,9.0,high,0.0,8.5,1147.1420288085938,0.03315,0.00663
home_service_technician_031,Home Service Technician,gpt-4o,5,3.0,high,0.0,2.0,high,0.0,3.0,high,0.0,4.0,high,0.0,3.0,high,0.0,3.0,high,0.0,2.7,982.4609756469727,0.0211,0.00422
home_service_technician_032,Home Service Technician,gpt-4o,5,8.0,high,0.0,9.0,high,0.0,8.0,high,0.0,9.0,high,0.0,9.0,high,0.0,9.0,high,0.0,8.5,1126.5299797058105,0.031174999999999994,0.006234999999999999
home_service_technician_033,Home Service Technician,gpt-4o,5,8.0,high,0.0,8.0,high,0.0,8.0,high,0.0,7.0,medium,0.9797958971132712,8.0,high,0.48989794855663565,9.0,high,0.0,8.0,919.8424339294434,0.024349999999999997,0.004869999999999999
home_service_technician_034,Home Service Technician,gpt-4o,5,8.0,high,0.0,9.0,high,0.0,8.0,high,0.0,9.0,high,0.0,9.0,high,0.0,9.0,high,0.4,8.5,882.5000762939453,0.0324625,0.0064925
home_service_technician_035,Home Service Technician,gpt-4o,5,8.0,high,0.0,9.0,high,0.0,8.0,high,0.0,9.0,high,0.0,9.0,high,0.0,9.0,high,0.0,8.5,1023.5011577606201,0.030712500000000004,0.0061425
home_service_technician_036,Home Service Technician,gpt-4o,5,3.0,high,0.0,2.0,high,0.0,3.0,high,0.0,4.0,high,0.0,4.0,high,0.0,3.0,high,0.0,2.75,1454.1390419006348,0.0189375,0.0037875
home_service_technician_037,Home Service Technician,gpt-4o,5,8.0,high,0.0,9.0,high,0.0,8.0,high,0.0,9.0,high,0.0,9.0,high,0.0,9.0,high,0.0,8.5,1003.2424926757812,0.0324,0.00648
home_service_technician_038,Home Service Technician,gpt-4o,5,3.0,high,0.0,2.0,high,0.0,3.0,high,0.0,4.0,high,0.0,4.0,high,0.0,3.0,high,0.0,2.75,1024.1371631622314,0.021650000000000003,0.0043300000000000005
home_service_technician_039,Home Service Technician,gpt-4o,5,7.0,high,0.4898979485566356,7.0,high,0.0,8.0,high,0.0,6.0,high,0.4898979485566356,8.0,high,0.0,8.0,high,0.39999999999999997,7.2,1023.9160537719727,0.023274999999999997,0.004654999999999999
home_service_technician_040,Home Service Technician,gpt-4o,5,8.0,high,0.0,7.0,high,0.0,8.0,high,0.0,7.0,high,0.39999999999999997,8.0,high,0.0,8.0,high,0.0,7.6,1182.3113918304443,0.0240125,0.0048024999999999995
home_service_technician_041,Home Service Technician,gpt-4o,5,8.0,high,0.0,9.0,high,0.0,8.0,high,0.0,9.0,high,0.0,9.0,high,0.0,9.0,high,0.0,8.5,967.1971321105957,0.0264625,0.0052925
home_service_technician_042,Home Service Technician,gpt-4o,5,3.0,high,0.0,2.0,high,0.0,3.0,high,0.4898979485566356,4.0,high,0.4898979485566356,4.0,high,0.0,4.0,high,0.0,2.8,963.2221698760986,0.0196625,0.0039325
home_service_technician_043,Home Service Technician,gpt-4o,5,8.0,high,0.0,9.0,high,0.0,8.0,high,0.0,9.0,high,0.0,9.0,high,0.0,9.0,high,0.0,8.5,962.3649597167969,0.029762500000000004,0.005952500000000001
home_service_technician_044,Home Service Technician,gpt-4o,5,3.0,high,0.0,2.0,high,0.0,3.0,high,0.0,2.0,high,0.4898979485566356,3.0,high,0.4898979485566356,3.0,high,0.0,2.6,941.9517993927002,0.0186375,0.0037275000000000003
home_service_technician_045,Home Service Technician,gpt-4o,5,8.0,high,0.0,6.0,high,0.0,8.0,high,0.0,7.0,high,0.0,8.0,high,0.0,8.0,high,0.0,7.25,1198.7009525299072,0.023825,0.004765
home_service_technician_046,Home Service Technician,gpt-4o,5,3.0,high,0.0,2.0,high,0.0,3.0,high,0.0,4.0,high,0.0,4.0,high,0.0,3.0,high,0.0,2.75,951.671552658081,0.01985,0.00397
home_service_technician_047,Home Service Technician,gpt-4o,5,7.0,high,0.48989794855663565,6.0,high,0.0,7.0,high,0.39999999999999997,7.0,high,0.48989794855663565,8.0,high,0.48989794855663565,8.0,high,0.0,6.75,1535.8205318450928,0.025599999999999998,0.0051199999999999996
home_service_technician_048,Home Service Technician,gpt-4o,5,3.0,high,0.0,2.0,high,0.0,3.0,high,0.0,4.0,high,0.0,4.0,high,0.0,4.0,high,0.0,2.8,1249.0958213806152,0.018699999999999998,0.0037399999999999994
home_service_technician_049,Home Service Technician,gpt-4o,5,8.0,high,0.0,9.0,high,0.0,8.0,high,0.0,9.0,high,0.0,9.0,high,0.0,9.0,high,0.0,8.5,1144.228219985962,0.032525,0.0065049999999999995
home_service_technician_050,Home Service Technician,gpt-4o,5,8.0,high,0.0,7.0,high,0.0,8.0,high,0.0,7.0,high,0.8,8.0,high,0.0,9.0,high,0.0,7.65,843.6406135559082,0.023287500000000003,0.0046575
general_manager_(franchise)_001,General Manager (Franchise),gpt-4o,5,4.0,high,0.0,2.0,high,0.0,3.0,high,0.0,5.0,high,0.48989794855663565,4.0,high,0.4898979485566356,4.0,high,0.48989794855663565,3.2,1315.9096717834473,0.020800000000000003,0.0041600000000000005
general_manager_(franchise)_002,General Manager (Franchise),gpt-4o,5,4.0,high,0.0,3.0,high,0.0,4.0,high,0.0,5.0,high,0.0,5.0,high,0.0,4.0,high,0.0,3.75,1029.4859409332275,0.0212375,0.0042474999999999995
general_manager_(franchise)_003,General Manager (Franchise),gpt-4o,5,4.0,high,0.0,3.0,high,0.0,3.0,high,0.4898979485566356,5.0,high,0.0,5.0,high,0.0,4.0,high,0.0,3.6,1072.929573059082,0.021599999999999994,0.004319999999999999
general_manager_(franchise)_004,General Manager (Franchise),gpt-4o,5,3.0,high,0.0,2.0,high,0.0,3.0,high,0.4898979485566356,4.0,high,0.4898979485566356,4.0,high,0.0,3.0,high,0.39999999999999997,2.75,1085.639476776123,0.019875,0.003975
general_manager_(franchise)_005,General Manager (Franchise),gpt-4o,5,3.0,high,0.0,2.0,high,0.0,3.0,high,0.0,4.0,high,0.0,4.0,high,0.0,3.0,high,0.0,2.75,982.8972339630127,0.019475,0.003895
general_manager_(franchise)_006,General Manager (Franchise),gpt-4o,5,4.0,high,0.0,3.0,high,0.0,4.0,high,0.0,5.0,high,0.0,5.0,high,0.0,4.0,high,0.0,3.75,1126.3069152832031,0.02095,0.00419
general_manager_(franchise)_007,General Manager (Franchise),gpt-4o,5,8.0,high,0.0,9.0,high,0.0,8.0,high,0.0,8.0,high,0.0,9.0,high,0.0,9.0,high,0.0,8.45,1871.6918468475342,0.0315,0.0063
general_manager_(franchise)_008,General Manager (Franchise),gpt-4o,5,8.0,high,0.0,7.0,high,0.48989794855663565,7.0,high,0.48989794855663565,7.0,high,0.0,8.0,high,0.0,8.0,high,0.0,7.45,1486.7047786712646,0.025062499999999998,0.0050125
general_manager_(franchise)_009,General Manager (Franchise),gpt-4o,5,9.0,high,0.0,9.0,high,0.0,8.0,high,0.0,8.0,high,0.0,9.0,high,0.0,9.0,high,0.0,8.8,1966.058588027954,0.03005,0.00601
general_manager_(franchise)_010,General Manager (Franchise),gpt-4o,5,8.0,high,0.0,9.0,high,0.0,8.0,high,0.0,8.0,high,0.0,9.0,high,0.0,9.0,high,0.0,8.45,1556.2899589538574,0.0320125,0.0064025
general_manager_(franchise)_011,General Manager (Franchise),gpt-4o,5,8.0,high,0.0,8.0,high,0.0,8.0,high,0.0,7.0,high,0.0,8.0,high,0.0,9.0,high,0.0,8.0,901.0036468505859,0.0249375,0.004987500000000001
general_manager_(franchise)_012,General Manager (Franchise),gpt-4o,5,4.0,high,0.0,3.0,high,0.0,4.0,high,0.39999999999999997,5.0,high,0.0,5.0,high,0.0,4.0,high,0.7999999999999999,3.75,1146.9985961914062,0.021512499999999997,0.004302499999999999
general_manager_(franchise)_013,General Manager (Franchise),gpt-4o,5,8.0,high,0.0,8.0,high,0.0,7.0,high,0.4898979485566356,7.0,high,0.0,8.0,high,0.0,8.0,high,0.4898979485566356,7.8,1044.7149753570557,0.023300000000000005,0.004660000000000001
general_manager_(franchise)_014,General Manager (Franchise),gpt-4o,5,4.0,high,0.0,3.0,high,0.0,3.0,high,0.0,4.0,high,0.48989794855663565,4.0,high,0.48989794855663565,5.0,high,0.48989794855663565,3.55,1079.4397354125977,0.022000000000000006,0.004400000000000001
general_manager_(franchise)_015,General Manager (Franchise),gpt-4o,5,4.0,high,0.0,3.0,high,0.0,4.0,high,0.0,5.0,high,0.0,5.0,high,0.0,4.0,high,0.0,3.75,1316.1975860595703,0.0223,0.00446
general_manager_(franchise)_016,General Manager (Franchise),gpt-4o,5,8.0,high,0.0,9.0,high,0.39999999999999997,8.0,high,0.0,7.0,high,0.0,8.0,high,0.0,9.0,high,0.0,8.35,1105.9067726135254,0.021587500000000003,0.0043175
general_manager_(franchise)_017,General Manager (Franchise),gpt-4o,5,8.0,high,0.0,8.0,high,0.0,8.0,high,0.0,7.0,high,0.0,8.0,high,0.0,8.0,high,0.48989794855663565,7.95,1126.3525009155273,0.024025,0.004805
general_manager_(franchise)_018,General Manager (Franchise),gpt-4o,5,8.0,high,0.0,8.0,high,0.0,8.0,high,0.0,7.0,high,0.0,8.0,high,0.0,9.0,high,0.0,8.0,778.1777381896973,0.025937499999999995,0.005187499999999999
general_manager_(franchise)_019,General Manager (Franchise),gpt-4o,5,3.0,high,0.39999999999999997,3.0,high,0.0,4.0,high,0.0,4.0,high,0.39999999999999997,4.0,high,0.39999999999999997,3.0,high,0.39999999999999997,3.25,880.3605556488037,0.0206125,0.004122499999999999
general_manager_(franchise)_020,General Manager (Franchise),gpt-4o,5,8.0,high,0.0,9.0,high,0.0,8.0,high,0.0,8.0,high,0.0,9.0,high,0.0,9.0,high,0.0,8.45,1515.5449867248535,0.03325,0.0066500000000000005
general_manager_(franchise)_021,General Manager (Franchise),gpt-4o,5,4.0,high,0.0,3.0,high,0.0,4.0,high,0.0,5.0,high,0.0,5.0,high,0.0,4.0,high,0.0,3.75,1475.0567436218262,0.019899999999999994,0.003979999999999999
general_manager_(franchise)_022,General Manager (Franchise),gpt-4o,5,8.0,high,0.0,9.0,high,0.0,8.0,high,0.0,8.0,high,0.0,9.0,high,0.0,9.0,high,0.0,8.45,1350.8466720581055,0.0321875,0.0064375000000000005
general_manager_(franchise)_023,General Manager (Franchise),gpt-4o,5,4.0,high,0.0,3.0,high,0.0,4.0,high,0.0,5.0,high,0.0,5.0,high,0.0,4.0,high,0.0,3.75,1331.0614585876465,0.021462499999999995,0.0042924999999999994
general_manager_(franchise)_024,General Manager (Franchise),gpt-4o,5,3.0,high,0.0,2.0,high,0.0,4.0,high,0.0,5.0,high,0.7999999999999999,5.0,high,0.39999999999999997,4.0,high,0.39999999999999997,3.05,816.6435718536377,0.0207375,0.0041475
general_manager_(franchise)_025,General Manager (Franchise),gpt-4o,5,4.0,high,0.0,3.0,high,0.0,4.0,high,0.0,5.0,high,0.0,5.0,high,0.0,4.0,high,0.0,3.75,1224.0086078643799,0.021225,0.0042450000000000005
general_manager_(franchise)_026,General Manager (Franchise),gpt-4o,5,8.0,high,0.0,7.0,high,0.0,8.0,high,0.0,7.0,high,0.0,8.0,high,0.0,8.0,high,0.0,7.6,1359.3121528625488,0.023775000000000004,0.0047550000000000005
general_manager_(franchise)_027,General Manager (Franchise),gpt-4o,5,4.0,high,0.4898979485566356,3.0,high,0.0,4.0,high,0.0,5.0,high,0.0,5.0,high,0.0,4.0,high,0.0,3.75,1228.3148765563965,0.02075,0.00415
general_manager_(franchise)_028,General Manager (Franchise),gpt-4o,5,4.0,high,0.0,3.0,high,0.0,4.0,high,0.0,5.0,high,0.0,5.0,high,0.0,4.0,high,0.0,3.75,1290.1104927062988,0.022350000000000002,0.00447
general_manager_(franchise)_029,General Manager (Franchise),gpt-4o,5,8.0,high,0.0,8.0,high,0.0,7.0,high,0.0,7.0,high,0.0,8.0,high,0.0,8.0,high,0.0,7.8,852.2689819335938,0.024475,0.004895
general_manager_(franchise)_030,General Manager (Franchise),gpt-4o,5,8.0,high,0.0,7.0,high,0.0,8.0,high,0.0,7.0,high,0.0,8.0,high,0.0,8.0,high,0.0,7.6,1062.1400356292725,0.024799999999999996,0.004959999999999999
general_manager_(franchise)_031,General Manager (Franchise),gpt-4o,5,8.0,high,0.0,8.0,high,0.0,8.0,high,0.0,7.0,high,0.0,8.0,high,0.0,8.0,high,0.48989794855663565,7.95,982.4947357177734,0.02495,0.00499
general_manager_(franchise)_032,General Manager (Franchise),gpt-4o,5,4.0,high,0.0,3.0,high,0.0,4.0,high,0.0,5.0,high,0.0,5.0,high,0.0,4.0,high,0.0,3.75,1447.1264839172363,0.022212500000000003,0.0044425
general_manager_(franchise)_033,General Manager (Franchise),gpt-4o,5,3.0,high,0.0,2.0,high,0.0,3.0,high,0.0,4.0,high,0.0,4.0,high,0.0,3.0,high,0.39999999999999997,2.75,1062.1051788330078,0.0191,0.0038199999999999996
general_manager_(franchise)_034,General Manager (Franchise),gpt-4o,5,8.0,high,0.0,7.0,high,0.0,8.0,high,0.0,7.0,high,0.0,8.0,high,0.0,8.0,high,0.0,7.6,1187.9252433776855,0.025650000000000006,0.005130000000000001
general_manager_(franchise)_035,General Manager (Franchise),gpt-4o,5,8.0,high,0.0,8.0,high,0.0,8.0,high,0.0,7.0,high,0.0,8.0,high,0.0,9.0,high,0.0,8.0,1023.7547397613525,0.023724999999999996,0.004744999999999999
general_manager_(franchise)_036,General Manager (Franchise),gpt-4o,5,8.0,high,0.0,9.0,high,0.0,8.0,high,0.0,8.0,high,0.0,9.0,high,0.0,9.0,high,0.0,8.45,901.162576675415,0.029275000000000002,0.005855000000000001
general_manager_(franchise)_037,General Manager (Franchise),gpt-4o,5,8.0,high,0.0,9.0,high,0.0,8.0,high,0.0,8.0,high,0.0,9.0,high,0.0,9.0,high,0.0,8.45,950.8652210235596,0.032137500000000006,0.006427500000000001
general_manager_(franchise)_038,General Manager (Franchise),gpt-4o,5,4.0,high,0.0,3.0,high,0.0,4.0,high,0.0,5.0,high,0.0,5.0,high,0.0,4.0,high,0.0,3.75,830.6866645812988,0.018750000000000003,0.0037500000000000007
general_manager_(franchise)_039,General Manager (Franchise),gpt-4o,5,3.0,high,0.0,2.0,high,0.0,3.0,high,0.0,4.0,high,0.0,4.0,high,0.0,3.0,high,0.0,2.75,1085.887622833252,0.018825,0.003765
general_manager_(franchise)_040,General Manager (Franchise),gpt-4o,5,8.0,high,0.0,8.0,high,0.0,8.0,high,0.0,7.0,high,0.0,8.0,high,0.0,9.0,high,0.0,8.0,1003.0584335327148,0.024512500000000003,0.004902500000000001
general_manager_(franchise)_041,General Manager (Franchise),gpt-4o,5,8.0,high,0.0,8.0,high,0.0,8.0,high,0.0,7.0,high,0.0,8.0,high,0.0,9.0,high,0.0,8.0,1003.2715320587158,0.024662499999999997,0.004932499999999999
general_manager_(franchise)_042,General Manager (Franchise),gpt-4o,5,4.0,high,0.0,3.0,high,0.0,4.0,high,0.0,5.0,high,0.0,5.0,high,0.0,4.0,high,0.0,3.75,1228.8644790649414,0.0195,0.0039
general_manager_(franchise)_043,General Manager (Franchise),gpt-4o,5,5.0,high,0.0,4.0,high,0.0,4.0,high,0.39999999999999997,5.0,high,0.0,5.0,high,0.39999999999999997,5.0,high,0.0,4.5,1208.3280563354492,0.0184125,0.0036824999999999996
general_manager_(franchise)_044,General Manager (Franchise),gpt-4o,5,8.0,high,0.0,8.0,high,0.0,8.0,high,0.0,7.0,high,0.0,8.0,high,0.0,9.0,high,0.0,8.0,1535.8152389526367,0.024574999999999996,0.004914999999999999
general_manager_(franchise)_045,General Manager (Franchise),gpt-4o,5,8.0,high,0.0,8.0,high,0.0,8.0,high,0.0,7.0,high,0.0,8.0,high,0.0,9.0,high,0.0,8.0,1126.344871520996,0.0247625,0.0049525
general_manager_(franchise)_046,General Manager (Franchise),gpt-4o,5,8.0,high,0.0,9.0,high,0.0,8.0,high,0.0,8.0,high,0.0,9.0,high,0.0,9.0,high,0.0,8.45,1494.9087142944336,0.03168750000000001,0.006337500000000001
general_manager_(franchise)_047,General Manager (Franchise),gpt-4o,5,4.0,high,0.0,3.0,high,0.0,4.0,high,0.0,5.0,high,0.0,5.0,high,0.0,5.0,high,0.48989794855663565,3.8,1576.8085956573486,0.021462499999999995,0.0042924999999999994
general_manager_(franchise)_048,General Manager (Franchise),gpt-4o,5,8.0,high,0.0,9.0,high,0.0,8.0,high,0.0,8.0,high,0.0,9.0,high,0.4,9.0,high,0.0,8.45,1392.810297012329,0.031412499999999996,0.006282499999999999
general_manager_(franchise)_049,General Manager (Franchise),gpt-4o,5,8.0,high,0.0,8.0,high,0.0,8.0,high,0.0,7.0,high,0.0,8.0,high,0.0,8.0,high,0.0,7.95,1172.6022243499756,0.022050000000000004,0.004410000000000001
general_manager_(franchise)_050,General Manager (Franchise),gpt-4o,5,8.0,high,0.0,9.0,high,0.0,8.0,high,0.0,7.0,high,0.48989794855663565,8.0,high,0.39999999999999997,9.0,high,0.0,8.35,1346.0060596466064,0.0334,0.00668
